ImageFile,Tag
adult_1.jpg,adult
adult_10007.jpg,adult
adult_10034.jpg,adult
adult_10039.jpg,adult
adult_10040.jpg,adult
adult_10041.jpg,adult
adult_10085.jpg,adult
adult_10110.jpg,adult
adult_10123.jpg,adult
adult_10135.jpg,adult
adult_10136.jpg,adult
adult_10246.jpg,adult
adult_10247.jpg,adult
adult_10248.jpg,adult
adult_10265.jpg,adult
adult_103.jpg,adult
adult_10305.jpg,adult
adult_10327.jpg,adult
adult_10347.jpg,adult
adult_10388.jpg,adult
adult_1039.jpg,adult
adult_104.jpg,adult
adult_10426.jpg,adult
adult_10429.jpg,adult
adult_10435.jpg,adult
adult_10458.jpg,adult
adult_10488.jpg,adult
adult_105.jpg,adult
adult_10538.jpg,adult
adult_10539.jpg,adult
adult_10540.jpg,adult
adult_10542.jpg,adult
adult_10543.jpg,adult
adult_10551.jpg,adult
adult_10574.jpg,adult
adult_10575.jpg,adult
adult_10576.jpg,adult
adult_10577.jpg,adult
adult_106.jpg,adult
adult_10631.jpg,adult
adult_10633.jpg,adult
adult_10646.jpg,adult
adult_10647.jpg,adult
adult_10656.jpg,adult
adult_10657.jpg,adult
adult_10670.jpg,adult
adult_10672.jpg,adult
adult_10673.jpg,adult
adult_107.jpg,adult
adult_10764.jpg,adult
adult_10765.jpg,adult
adult_10828.jpg,adult
adult_10852.jpg,adult
adult_10858.jpg,adult
adult_10861.jpg,adult
adult_109.jpg,adult
adult_10900.jpg,adult
adult_10901.jpg,adult
adult_10930.jpg,adult
adult_10931.jpg,adult
adult_10932.jpg,adult
adult_10933.jpg,adult
adult_10938.jpg,adult
adult_10939.jpg,adult
adult_10941.jpg,adult
adult_11.jpg,adult
adult_11027.jpg,adult
adult_11036.jpg,adult
adult_11037.jpg,adult
adult_11071.jpg,adult
adult_11088.jpg,adult
adult_11092.jpg,adult
adult_11093.jpg,adult
adult_111.jpg,adult
adult_11114.jpg,adult
adult_11115.jpg,adult
adult_11129.jpg,adult
adult_11262.jpg,adult
adult_11264.jpg,adult
adult_11265.jpg,adult
adult_11272.jpg,adult
adult_11273.jpg,adult
adult_11289.jpg,adult
adult_113.jpg,adult
adult_11335.jpg,adult
adult_11340.jpg,adult
adult_11350.jpg,adult
adult_11353.jpg,adult
adult_114.jpg,adult
adult_11431.jpg,adult
adult_11456.jpg,adult
adult_11457.jpg,adult
adult_11459.jpg,adult
adult_11478.jpg,adult
adult_11481.jpg,adult
adult_115.jpg,adult
adult_11590.jpg,adult
adult_11591.jpg,adult
adult_11592.jpg,adult
adult_11619.jpg,adult
adult_11620.jpg,adult
adult_11624.jpg,adult
adult_11625.jpg,adult
adult_11663.jpg,adult
adult_11694.jpg,adult
adult_11696.jpg,adult
adult_117.jpg,adult
adult_11718.jpg,adult
adult_11720.jpg,adult
adult_11750.jpg,adult
adult_11751.jpg,adult
adult_11768.jpg,adult
adult_118.jpg,adult
adult_11811.jpg,adult
adult_11824.jpg,adult
adult_11837.jpg,adult
adult_11898.jpg,adult
adult_11900.jpg,adult
adult_12003.jpg,adult
adult_12004.jpg,adult
adult_12005.jpg,adult
adult_12044.jpg,adult
adult_12045.jpg,adult
adult_12075.jpg,adult
adult_12078.jpg,adult
adult_12080.jpg,adult
adult_121.jpg,adult
adult_12186.jpg,adult
adult_12188.jpg,adult
adult_122.jpg,adult
adult_12252.jpg,adult
adult_12262.jpg,adult
adult_12263.jpg,adult
adult_12265.jpg,adult
adult_12279.jpg,adult
adult_12280.jpg,adult
adult_12289.jpg,adult
adult_12323.jpg,adult
adult_12324.jpg,adult
adult_124.jpg,adult
adult_12403.jpg,adult
adult_12404.jpg,adult
adult_12405.jpg,adult
adult_12407.jpg,adult
adult_12409.jpg,adult
adult_12478.jpg,adult
adult_12480.jpg,adult
adult_12481.jpg,adult
adult_126.jpg,adult
adult_12610.jpg,adult
adult_12611.jpg,adult
adult_12669.jpg,adult
adult_12706.jpg,adult
adult_12709.jpg,adult
adult_12780.jpg,adult
adult_12781.jpg,adult
adult_128.jpg,adult
adult_12838.jpg,adult
adult_12867.jpg,adult
adult_12868.jpg,adult
adult_12869.jpg,adult
adult_12890.jpg,adult
adult_12891.jpg,adult
adult_12892.jpg,adult
adult_12893.jpg,adult
adult_12929.jpg,adult
adult_12953.jpg,adult
adult_12958.jpg,adult
adult_12960.jpg,adult
adult_130.jpg,adult
adult_13034.jpg,adult
adult_13086.jpg,adult
adult_13087.jpg,adult
adult_13088.jpg,adult
adult_13095.jpg,adult
adult_13097.jpg,adult
adult_131.jpg,adult
adult_13129.jpg,adult
adult_13147.jpg,adult
adult_13179.jpg,adult
adult_13188.jpg,adult
adult_13189.jpg,adult
adult_13191.jpg,adult
adult_13193.jpg,adult
adult_13217.jpg,adult
adult_13227.jpg,adult
adult_13228.jpg,adult
adult_13229.jpg,adult
adult_133.jpg,adult
adult_13322.jpg,adult
adult_13323.jpg,adult
adult_13324.jpg,adult
adult_13335.jpg,adult
adult_13386.jpg,adult
adult_13387.jpg,adult
adult_13389.jpg,adult
adult_13394.jpg,adult
adult_13395.jpg,adult
adult_13396.jpg,adult
adult_13397.jpg,adult
adult_13406.jpg,adult
adult_135.jpg,adult
adult_13510.jpg,adult
adult_13511.jpg,adult
adult_13512.jpg,adult
adult_13513.jpg,adult
adult_13518.jpg,adult
adult_13520.jpg,adult
adult_13521.jpg,adult
adult_13559.jpg,adult
adult_13560.jpg,adult
adult_136.jpg,adult
adult_13612.jpg,adult
adult_13613.jpg,adult
adult_13737.jpg,adult
adult_13747.jpg,adult
adult_13759.jpg,adult
adult_13761.jpg,adult
adult_13766.jpg,adult
adult_13767.jpg,adult
adult_13783.jpg,adult
adult_13796.jpg,adult
adult_13797.jpg,adult
adult_138.jpg,adult
adult_13883.jpg,adult
adult_13884.jpg,adult
adult_139.jpg,adult
adult_13930.jpg,adult
adult_13931.jpg,adult
adult_13932.jpg,adult
adult_13933.jpg,adult
adult_13935.jpg,adult
adult_13936.jpg,adult
adult_13949.jpg,adult
adult_14.jpg,adult
adult_14002.jpg,adult
adult_14070.jpg,adult
adult_14071.jpg,adult
adult_14072.jpg,adult
adult_14073.jpg,adult
adult_14092.jpg,adult
adult_141.jpg,adult
adult_14114.jpg,adult
adult_14117.jpg,adult
adult_14118.jpg,adult
adult_14119.jpg,adult
adult_14122.jpg,adult
adult_14123.jpg,adult
adult_14125.jpg,adult
adult_14154.jpg,adult
adult_14156.jpg,adult
adult_14223.jpg,adult
adult_14290.jpg,adult
adult_14293.jpg,adult
adult_144.jpg,adult
adult_14420.jpg,adult
adult_14443.jpg,adult
adult_14485.jpg,adult
adult_145.jpg,adult
adult_14512.jpg,adult
adult_14518.jpg,adult
adult_14519.jpg,adult
adult_14520.jpg,adult
adult_14522.jpg,adult
adult_14525.jpg,adult
adult_14545.jpg,adult
adult_14634.jpg,adult
adult_14636.jpg,adult
adult_14643.jpg,adult
adult_14710.jpg,adult
adult_14711.jpg,adult
adult_14712.jpg,adult
adult_14774.jpg,adult
adult_14776.jpg,adult
adult_14777.jpg,adult
adult_14780.jpg,adult
adult_14781.jpg,adult
adult_14787.jpg,adult
adult_148.jpg,adult
adult_14865.jpg,adult
adult_14866.jpg,adult
adult_14868.jpg,adult
adult_14892.jpg,adult
adult_149.jpg,adult
adult_14929.jpg,adult
adult_14933.jpg,adult
adult_15.jpg,adult
adult_150.jpg,adult
adult_15058.jpg,adult
adult_15063.jpg,adult
adult_15067.jpg,adult
adult_151.jpg,adult
adult_15153.jpg,adult
adult_15154.jpg,adult
adult_15187.jpg,adult
adult_15194.jpg,adult
adult_15195.jpg,adult
adult_15196.jpg,adult
adult_15197.jpg,adult
adult_15198.jpg,adult
adult_15200.jpg,adult
adult_15299.jpg,adult
adult_153.jpg,adult
adult_15300.jpg,adult
adult_15301.jpg,adult
adult_15303.jpg,adult
adult_15304.jpg,adult
adult_15305.jpg,adult
adult_15306.jpg,adult
adult_15307.jpg,adult
adult_1531.jpg,adult
adult_15310.jpg,adult
adult_155.jpg,adult
adult_15544.jpg,adult
adult_15545.jpg,adult
adult_15548.jpg,adult
adult_15549.jpg,adult
adult_15550.jpg,adult
adult_15634.jpg,adult
adult_15648.jpg,adult
adult_15649.jpg,adult
adult_15650.jpg,adult
adult_15651.jpg,adult
adult_15679.jpg,adult
adult_15681.jpg,adult
adult_157.jpg,adult
adult_15761.jpg,adult
adult_15779.jpg,adult
adult_15782.jpg,adult
adult_158.jpg,adult
adult_159.jpg,adult
adult_15984.jpg,adult
adult_15985.jpg,adult
adult_16.jpg,adult
adult_16088.jpg,adult
adult_16092.jpg,adult
adult_16097.jpg,adult
adult_16098.jpg,adult
adult_161.jpg,adult
adult_16100.jpg,adult
adult_16146.jpg,adult
adult_16154.jpg,adult
adult_16155.jpg,adult
adult_16156.jpg,adult
adult_16157.jpg,adult
adult_16180.jpg,adult
adult_16182.jpg,adult
adult_162.jpg,adult
adult_16263.jpg,adult
adult_16266.jpg,adult
adult_16280.jpg,adult
adult_16281.jpg,adult
adult_16343.jpg,adult
adult_16344.jpg,adult
adult_16345.jpg,adult
adult_16380.jpg,adult
adult_16381.jpg,adult
adult_16382.jpg,adult
adult_164.jpg,adult
adult_16428.jpg,adult
adult_16432.jpg,adult
adult_16491.jpg,adult
adult_16498.jpg,adult
adult_165.jpg,adult
adult_16501.jpg,adult
adult_16549.jpg,adult
adult_16570.jpg,adult
adult_16622.jpg,adult
adult_167.jpg,adult
adult_16708.jpg,adult
adult_16710.jpg,adult
adult_16711.jpg,adult
adult_16723.jpg,adult
adult_16725.jpg,adult
adult_16727.jpg,adult
adult_16849.jpg,adult
adult_16852.jpg,adult
adult_16869.jpg,adult
adult_16872.jpg,adult
adult_16879.jpg,adult
adult_16881.jpg,adult
adult_169.jpg,adult
adult_16930.jpg,adult
adult_16932.jpg,adult
adult_16970.jpg,adult
adult_16971.jpg,adult
adult_17.jpg,adult
adult_170.jpg,adult
adult_17072.jpg,adult
adult_17166.jpg,adult
adult_17174.jpg,adult
adult_17184.jpg,adult
adult_172.jpg,adult
adult_17208.jpg,adult
adult_17209.jpg,adult
adult_17210.jpg,adult
adult_17274.jpg,adult
adult_17283.jpg,adult
adult_17284.jpg,adult
adult_17286.jpg,adult
adult_17361.jpg,adult
adult_175.jpg,adult
adult_17515.jpg,adult
adult_17523.jpg,adult
adult_17525.jpg,adult
adult_17526.jpg,adult
adult_17581.jpg,adult
adult_17588.jpg,adult
adult_17590.jpg,adult
adult_17591.jpg,adult
adult_176.jpg,adult
adult_17608.jpg,adult
adult_17611.jpg,adult
adult_17625.jpg,adult
adult_177.jpg,adult
adult_17722.jpg,adult
adult_17778.jpg,adult
adult_178.jpg,adult
adult_17809.jpg,adult
adult_17823.jpg,adult
adult_17825.jpg,adult
adult_17850.jpg,adult
adult_17852.jpg,adult
adult_179.jpg,adult
adult_17914.jpg,adult
adult_17916.jpg,adult
adult_17938.jpg,adult
adult_17941.jpg,adult
adult_18.jpg,adult
adult_180.jpg,adult
adult_18021.jpg,adult
adult_18061.jpg,adult
adult_18062.jpg,adult
adult_181.jpg,adult
adult_182.jpg,adult
adult_18208.jpg,adult
adult_18220.jpg,adult
adult_18222.jpg,adult
adult_18223.jpg,adult
adult_18225.jpg,adult
adult_18232.jpg,adult
adult_18233.jpg,adult
adult_18234.jpg,adult
adult_183.jpg,adult
adult_18306.jpg,adult
adult_18316.jpg,adult
adult_18318.jpg,adult
adult_18325.jpg,adult
adult_18326.jpg,adult
adult_18327.jpg,adult
adult_184.jpg,adult
adult_18494.jpg,adult
adult_18542.jpg,adult
adult_18617.jpg,adult
adult_18618.jpg,adult
adult_18619.jpg,adult
adult_18620.jpg,adult
adult_18665.jpg,adult
adult_18669.jpg,adult
adult_18674.jpg,adult
adult_18675.jpg,adult
adult_18688.jpg,adult
adult_187.jpg,adult
adult_18701.jpg,adult
adult_18702.jpg,adult
adult_18703.jpg,adult
adult_18797.jpg,adult
adult_188.jpg,adult
adult_18831.jpg,adult
adult_18882.jpg,adult
adult_18883.jpg,adult
adult_18884.jpg,adult
adult_18885.jpg,adult
adult_189.jpg,adult
adult_18942.jpg,adult
adult_18945.jpg,adult
adult_18958.jpg,adult
adult_18959.jpg,adult
adult_18963.jpg,adult
adult_19012.jpg,adult
adult_19013.jpg,adult
adult_19015.jpg,adult
adult_19016.jpg,adult
adult_19017.jpg,adult
adult_19027.jpg,adult
adult_19029.jpg,adult
adult_19036.jpg,adult
adult_19038.jpg,adult
adult_19039.jpg,adult
adult_19051.jpg,adult
adult_19053.jpg,adult
adult_191.jpg,adult
adult_19139.jpg,adult
adult_19140.jpg,adult
adult_19142.jpg,adult
adult_19144.jpg,adult
adult_19146.jpg,adult
adult_19149.jpg,adult
adult_19155.jpg,adult
adult_19163.jpg,adult
adult_19211.jpg,adult
adult_19256.jpg,adult
adult_193.jpg,adult
adult_195.jpg,adult
adult_19588.jpg,adult
adult_19593.jpg,adult
adult_196.jpg,adult
adult_19643.jpg,adult
adult_19647.jpg,adult
adult_197.jpg,adult
adult_19735.jpg,adult
adult_19739.jpg,adult
adult_19740.jpg,adult
adult_19742.jpg,adult
adult_19757.jpg,adult
adult_19759.jpg,adult
adult_19760.jpg,adult
adult_19761.jpg,adult
adult_19796.jpg,adult
adult_19797.jpg,adult
adult_198.jpg,adult
adult_19824.jpg,adult
adult_19825.jpg,adult
adult_19827.jpg,adult
adult_19838.jpg,adult
adult_19839.jpg,adult
adult_199.jpg,adult
adult_19984.jpg,adult
adult_19990.jpg,adult
adult_19991.jpg,adult
adult_2.jpg,adult
adult_20.jpg,adult
adult_200.jpg,adult
adult_201.jpg,adult
adult_202.jpg,adult
adult_203.jpg,adult
adult_204.jpg,adult
adult_205.jpg,adult
adult_207.jpg,adult
adult_208.jpg,adult
adult_209.jpg,adult
adult_21.jpg,adult
adult_210.jpg,adult
adult_212.jpg,adult
adult_213.jpg,adult
adult_215.jpg,adult
adult_217.jpg,adult
adult_219.jpg,adult
adult_2197.jpg,adult
adult_220.jpg,adult
adult_221.jpg,adult
adult_222.jpg,adult
adult_223.jpg,adult
adult_225.jpg,adult
adult_226.jpg,adult
adult_228.jpg,adult
adult_231.jpg,adult
adult_232.jpg,adult
adult_234.jpg,adult
adult_235.jpg,adult
adult_236.jpg,adult
adult_238.jpg,adult
adult_24.jpg,adult
adult_240.jpg,adult
adult_242.jpg,adult
adult_244.jpg,adult
adult_247.jpg,adult
adult_2482.jpg,adult
adult_25.jpg,adult
adult_251.jpg,adult
adult_252.jpg,adult
adult_253.jpg,adult
adult_255.jpg,adult
adult_257.jpg,adult
adult_258.jpg,adult
adult_259.jpg,adult
adult_26.jpg,adult
adult_260.jpg,adult
adult_261.jpg,adult
adult_2627.jpg,adult
adult_263.jpg,adult
adult_265.jpg,adult
adult_267.jpg,adult
adult_268.jpg,adult
adult_27.jpg,adult
adult_270.jpg,adult
adult_272.jpg,adult
adult_273.jpg,adult
adult_274.jpg,adult
adult_276.jpg,adult
adult_277.jpg,adult
adult_278.jpg,adult
adult_279.jpg,adult
adult_28.jpg,adult
adult_280.jpg,adult
adult_281.jpg,adult
adult_283.jpg,adult
adult_285.jpg,adult
adult_2891.jpg,adult
adult_29.jpg,adult
adult_2910.jpg,adult
adult_2911.jpg,adult
adult_2912.jpg,adult
adult_2913.jpg,adult
adult_2915.jpg,adult
adult_2916.jpg,adult
adult_2917.jpg,adult
adult_2919.jpg,adult
adult_2920.jpg,adult
adult_2923.jpg,adult
adult_2925.jpg,adult
adult_2927.jpg,adult
adult_2929.jpg,adult
adult_2930.jpg,adult
adult_2931.jpg,adult
adult_2933.jpg,adult
adult_2935.jpg,adult
adult_2937.jpg,adult
adult_2939.jpg,adult
adult_2941.jpg,adult
adult_2942.jpg,adult
adult_2943.jpg,adult
adult_2944.jpg,adult
adult_2947.jpg,adult
adult_2948.jpg,adult
adult_2949.jpg,adult
adult_2950.jpg,adult
adult_2952.jpg,adult
adult_2955.jpg,adult
adult_2956.jpg,adult
adult_2957.jpg,adult
adult_2959.jpg,adult
adult_2960.jpg,adult
adult_2962.jpg,adult
adult_2964.jpg,adult
adult_2965.jpg,adult
adult_2966.jpg,adult
adult_2968.jpg,adult
adult_2971.jpg,adult
adult_2972.jpg,adult
adult_2975.jpg,adult
adult_2977.jpg,adult
adult_2978.jpg,adult
adult_2979.jpg,adult
adult_2980.jpg,adult
adult_2981.jpg,adult
adult_2983.jpg,adult
adult_2985.jpg,adult
adult_2987.jpg,adult
adult_2988.jpg,adult
adult_2990.jpg,adult
adult_2991.jpg,adult
adult_2992.jpg,adult
adult_2993.jpg,adult
adult_2994.jpg,adult
adult_2996.jpg,adult
adult_2999.jpg,adult
adult_3.jpg,adult
adult_30.jpg,adult
adult_3001.jpg,adult
adult_3004.jpg,adult
adult_3006.jpg,adult
adult_3009.jpg,adult
adult_3010.jpg,adult
adult_3013.jpg,adult
adult_3015.jpg,adult
adult_3017.jpg,adult
adult_3018.jpg,adult
adult_3021.jpg,adult
adult_3023.jpg,adult
adult_3025.jpg,adult
adult_3026.jpg,adult
adult_3029.jpg,adult
adult_3031.jpg,adult
adult_3033.jpg,adult
adult_3034.jpg,adult
adult_3036.jpg,adult
adult_3038.jpg,adult
adult_3039.jpg,adult
adult_3041.jpg,adult
adult_3042.jpg,adult
adult_3046.jpg,adult
adult_3047.jpg,adult
adult_3048.jpg,adult
adult_3051.jpg,adult
adult_3053.jpg,adult
adult_3054.jpg,adult
adult_3055.jpg,adult
adult_3056.jpg,adult
adult_3058.jpg,adult
adult_3062.jpg,adult
adult_3064.jpg,adult
adult_3065.jpg,adult
adult_3066.jpg,adult
adult_3067.jpg,adult
adult_3069.jpg,adult
adult_3070.jpg,adult
adult_3073.jpg,adult
adult_3074.jpg,adult
adult_3075.jpg,adult
adult_3077.jpg,adult
adult_3079.jpg,adult
adult_3080.jpg,adult
adult_3082.jpg,adult
adult_3085.jpg,adult
adult_3087.jpg,adult
adult_3088.jpg,adult
adult_3090.jpg,adult
adult_3092.jpg,adult
adult_3095.jpg,adult
adult_3096.jpg,adult
adult_3098.jpg,adult
adult_31.jpg,adult
adult_3101.jpg,adult
adult_3102.jpg,adult
adult_3104.jpg,adult
adult_3107.jpg,adult
adult_3109.jpg,adult
adult_3111.jpg,adult
adult_3113.jpg,adult
adult_3114.jpg,adult
adult_3116.jpg,adult
adult_3119.jpg,adult
adult_3120.jpg,adult
adult_3122.jpg,adult
adult_3124.jpg,adult
adult_3126.jpg,adult
adult_3128.jpg,adult
adult_3130.jpg,adult
adult_3131.jpg,adult
adult_3132.jpg,adult
adult_3135.jpg,adult
adult_3136.jpg,adult
adult_3139.jpg,adult
adult_3140.jpg,adult
adult_3142.jpg,adult
adult_3143.jpg,adult
adult_3145.jpg,adult
adult_3146.jpg,adult
adult_3148.jpg,adult
adult_3151.jpg,adult
adult_3153.jpg,adult
adult_3155.jpg,adult
adult_3156.jpg,adult
adult_3158.jpg,adult
adult_3161.jpg,adult
adult_33.jpg,adult
adult_3623.jpg,adult
adult_3625.jpg,adult
adult_3627.jpg,adult
adult_3654.jpg,adult
adult_3655.jpg,adult
adult_3656.jpg,adult
adult_3658.jpg,adult
adult_37.jpg,adult
adult_3712.jpg,adult
adult_3715.jpg,adult
adult_3716.jpg,adult
adult_3717.jpg,adult
adult_38.jpg,adult
adult_3822.jpg,adult
adult_3826.jpg,adult
adult_3828.jpg,adult
adult_3829.jpg,adult
adult_3946.jpg,adult
adult_3947.jpg,adult
adult_40.jpg,adult
adult_4010.jpg,adult
adult_4015.jpg,adult
adult_4017.jpg,adult
adult_4036.jpg,adult
adult_4043.jpg,adult
adult_4052.jpg,adult
adult_4067.jpg,adult
adult_4096.jpg,adult
adult_41.jpg,adult
adult_4100.jpg,adult
adult_4129.jpg,adult
adult_4131.jpg,adult
adult_4171.jpg,adult
adult_4172.jpg,adult
adult_4173.jpg,adult
adult_4175.jpg,adult
adult_42.jpg,adult
adult_4244.jpg,adult
adult_4246.jpg,adult
adult_4248.jpg,adult
adult_4251.jpg,adult
adult_4254.jpg,adult
adult_4261.jpg,adult
adult_43.jpg,adult
adult_4300.jpg,adult
adult_4312.jpg,adult
adult_4346.jpg,adult
adult_44.jpg,adult
adult_4434.jpg,adult
adult_4468.jpg,adult
adult_4477.jpg,adult
adult_4500.jpg,adult
adult_4538.jpg,adult
adult_4539.jpg,adult
adult_4543.jpg,adult
adult_4545.jpg,adult
adult_4574.jpg,adult
adult_4575.jpg,adult
adult_4588.jpg,adult
adult_4589.jpg,adult
adult_46.jpg,adult
adult_4645.jpg,adult
adult_4646.jpg,adult
adult_4661.jpg,adult
adult_4672.jpg,adult
adult_4673.jpg,adult
adult_4688.jpg,adult
adult_4702.jpg,adult
adult_4705.jpg,adult
adult_4833.jpg,adult
adult_4885.jpg,adult
adult_4894.jpg,adult
adult_4896.jpg,adult
adult_49.jpg,adult
adult_4919.jpg,adult
adult_4930.jpg,adult
adult_5.jpg,adult
adult_5066.jpg,adult
adult_5067.jpg,adult
adult_5082.jpg,adult
adult_5083.jpg,adult
adult_5084.jpg,adult
adult_5105.jpg,adult
adult_5121.jpg,adult
adult_5127.jpg,adult
adult_5157.jpg,adult
adult_52.jpg,adult
adult_5203.jpg,adult
adult_5232.jpg,adult
adult_5234.jpg,adult
adult_5268.jpg,adult
adult_5299.jpg,adult
adult_537.jpg,adult
adult_5371.jpg,adult
adult_5399.jpg,adult
adult_5455.jpg,adult
adult_5456.jpg,adult
adult_5479.jpg,adult
adult_5487.jpg,adult
adult_5491.jpg,adult
adult_5492.jpg,adult
adult_5566.jpg,adult
adult_5567.jpg,adult
adult_5568.jpg,adult
adult_5592.jpg,adult
adult_56.jpg,adult
adult_5615.jpg,adult
adult_5633.jpg,adult
adult_5634.jpg,adult
adult_5668.jpg,adult
adult_5670.jpg,adult
adult_5684.jpg,adult
adult_5728.jpg,adult
adult_5756.jpg,adult
adult_58.jpg,adult
adult_5806.jpg,adult
adult_5808.jpg,adult
adult_5860.jpg,adult
adult_5861.jpg,adult
adult_5862.jpg,adult
adult_5902.jpg,adult
adult_5903.jpg,adult
adult_5904.jpg,adult
adult_5951.jpg,adult
adult_5986.jpg,adult
adult_6000.jpg,adult
adult_6008.jpg,adult
adult_6049.jpg,adult
adult_6051.jpg,adult
adult_6085.jpg,adult
adult_61.jpg,adult
adult_6122.jpg,adult
adult_6123.jpg,adult
adult_6190.jpg,adult
adult_6293.jpg,adult
adult_63.jpg,adult
adult_6343.jpg,adult
adult_6344.jpg,adult
adult_6345.jpg,adult
adult_6369.jpg,adult
adult_6395.jpg,adult
adult_6396.jpg,adult
adult_6406.jpg,adult
adult_6419.jpg,adult
adult_6501.jpg,adult
adult_6529.jpg,adult
adult_6574.jpg,adult
adult_6575.jpg,adult
adult_6583.jpg,adult
adult_6585.jpg,adult
adult_6592.jpg,adult
adult_6593.jpg,adult
adult_6598.jpg,adult
adult_6600.jpg,adult
adult_6625.jpg,adult
adult_6645.jpg,adult
adult_6660.jpg,adult
adult_67.jpg,adult
adult_6716.jpg,adult
adult_6760.jpg,adult
adult_6764.jpg,adult
adult_6791.jpg,adult
adult_68.jpg,adult
adult_6895.jpg,adult
adult_69.jpg,adult
adult_6938.jpg,adult
adult_6944.jpg,adult
adult_6945.jpg,adult
adult_7009.jpg,adult
adult_7011.jpg,adult
adult_7045.jpg,adult
adult_7046.jpg,adult
adult_7047.jpg,adult
adult_7053.jpg,adult
adult_7066.jpg,adult
adult_7089.jpg,adult
adult_71.jpg,adult
adult_7131.jpg,adult
adult_7153.jpg,adult
adult_7154.jpg,adult
adult_7155.jpg,adult
adult_7174.jpg,adult
adult_7175.jpg,adult
adult_7232.jpg,adult
adult_7278.jpg,adult
adult_73.jpg,adult
adult_7310.jpg,adult
adult_7311.jpg,adult
adult_7352.jpg,adult
adult_7353.jpg,adult
adult_7385.jpg,adult
adult_7397.jpg,adult
adult_7423.jpg,adult
adult_7424.jpg,adult
adult_7426.jpg,adult
adult_7432.jpg,adult
adult_7501.jpg,adult
adult_7510.jpg,adult
adult_7522.jpg,adult
adult_7524.jpg,adult
adult_7604.jpg,adult
adult_7645.jpg,adult
adult_7647.jpg,adult
adult_77.jpg,adult
adult_7728.jpg,adult
adult_7744.jpg,adult
adult_7746.jpg,adult
adult_7754.jpg,adult
adult_7755.jpg,adult
adult_78.jpg,adult
adult_7864.jpg,adult
adult_7879.jpg,adult
adult_7912.jpg,adult
adult_7920.jpg,adult
adult_7990.jpg,adult
adult_7991.jpg,adult
adult_8.jpg,adult
adult_80.jpg,adult
adult_8014.jpg,adult
adult_8022.jpg,adult
adult_8053.jpg,adult
adult_8071.jpg,adult
adult_8072.jpg,adult
adult_8073.jpg,adult
adult_81.jpg,adult
adult_8114.jpg,adult
adult_8122.jpg,adult
adult_8192.jpg,adult
adult_8199.jpg,adult
adult_82.jpg,adult
adult_8248.jpg,adult
adult_8249.jpg,adult
adult_8251.jpg,adult
adult_8252.jpg,adult
adult_8253.jpg,adult
adult_8326.jpg,adult
adult_8327.jpg,adult
adult_8372.jpg,adult
adult_84.jpg,adult
adult_8409.jpg,adult
adult_8413.jpg,adult
adult_8423.jpg,adult
adult_8458.jpg,adult
adult_8460.jpg,adult
adult_8469.jpg,adult
adult_8470.jpg,adult
adult_8472.jpg,adult
adult_8524.jpg,adult
adult_8525.jpg,adult
adult_8526.jpg,adult
adult_8527.jpg,adult
adult_8529.jpg,adult
adult_8577.jpg,adult
adult_8645.jpg,adult
adult_8647.jpg,adult
adult_8649.jpg,adult
adult_8653.jpg,adult
adult_8654.jpg,adult
adult_8659.jpg,adult
adult_8661.jpg,adult
adult_87.jpg,adult
adult_8733.jpg,adult
adult_8780.jpg,adult
adult_8781.jpg,adult
adult_88.jpg,adult
adult_8865.jpg,adult
adult_89.jpg,adult
adult_8939.jpg,adult
adult_8951.jpg,adult
adult_8952.jpg,adult
adult_8985.jpg,adult
adult_9.jpg,adult
adult_90.jpg,adult
adult_9006.jpg,adult
adult_9023.jpg,adult
adult_9024.jpg,adult
adult_9029.jpg,adult
adult_9050.jpg,adult
adult_9057.jpg,adult
adult_9073.jpg,adult
adult_9074.jpg,adult
adult_9075.jpg,adult
adult_9077.jpg,adult
adult_9130.jpg,adult
adult_9181.jpg,adult
adult_9198.jpg,adult
adult_92.jpg,adult
adult_9212.jpg,adult
adult_9224.jpg,adult
adult_9241.jpg,adult
adult_9259.jpg,adult
adult_9262.jpg,adult
adult_9263.jpg,adult
adult_9264.jpg,adult
adult_9293.jpg,adult
adult_9313.jpg,adult
adult_9314.jpg,adult
adult_9315.jpg,adult
adult_9316.jpg,adult
adult_9338.jpg,adult
adult_9383.jpg,adult
adult_9397.jpg,adult
adult_9398.jpg,adult
adult_9399.jpg,adult
adult_9424.jpg,adult
adult_9425.jpg,adult
adult_9426.jpg,adult
adult_9472.jpg,adult
adult_95.jpg,adult
adult_9535.jpg,adult
adult_9548.jpg,adult
adult_9549.jpg,adult
adult_96.jpg,adult
adult_9616.jpg,adult
adult_9639.jpg,adult
adult_9647.jpg,adult
adult_9654.jpg,adult
adult_9676.jpg,adult
adult_9677.jpg,adult
adult_9757.jpg,adult
adult_9759.jpg,adult
adult_98.jpg,adult
adult_9807.jpg,adult
adult_9883.jpg,adult
adult_99.jpg,adult
adult_9913.jpg,adult
adult_9914.jpg,adult
adult_9915.jpg,adult
adult_9931.jpg,adult
adult_9932.jpg,adult
adult_9958.jpg,adult
adult_9989.jpg,adult
adult_9997.jpg,adult
puppy_100.jpg,puppy
puppy_101.jpg,puppy
puppy_10427.jpg,puppy
puppy_11408.jpg,puppy
puppy_11480.jpg,puppy
puppy_12083.jpg,puppy
puppy_12951.jpg,puppy
puppy_13128.jpg,puppy
puppy_14291.jpg,puppy
puppy_15061.jpg,puppy
puppy_16179.jpg,puppy
puppy_17524.jpg,puppy
puppy_17640.jpg,puppy
puppy_17811.jpg,puppy
puppy_17948.jpg,puppy
puppy_17949.jpg,puppy
puppy_17951.jpg,puppy
puppy_1832.jpg,puppy
puppy_18541.jpg,puppy
puppy_18692.jpg,puppy
puppy_18796.jpg,puppy
puppy_18881.jpg,puppy
puppy_19741.jpg,puppy
puppy_19787.jpg,puppy
puppy_19789.jpg,puppy
puppy_19794.jpg,puppy
puppy_19859.jpg,puppy
puppy_249.jpg,puppy
puppy_2995.jpg,puppy
puppy_3003.jpg,puppy
puppy_3032.jpg,puppy
puppy_3044.jpg,puppy
puppy_3060.jpg,puppy
puppy_34.jpg,puppy
puppy_3759.jpg,puppy
puppy_39.jpg,puppy
puppy_4.jpg,puppy
puppy_4565.jpg,puppy
puppy_4809.jpg,puppy
puppy_5126.jpg,puppy
puppy_6.jpg,puppy
puppy_60.jpg,puppy
puppy_65.jpg,puppy
puppy_6531.jpg,puppy
puppy_6762.jpg,puppy
puppy_8198.jpg,puppy
puppy_8467.jpg,puppy
puppy_8468.jpg,puppy
